# Mask index per legacy tile id, recovered from the original t4c.exe (1.25).
# The VSFID "template" attribute does NOT encode it: 741 of 873 ids disagree
# with the binary. Ids marked "interpolated" sit inside a verified linear run
# whose name the extractor could not read; both neighbours agree on the value.
# raw_id	mask	source
0118	tmpl1 1	exe
0119	tmpl1 2	exe
011A	tmpl1 3	exe
011B	tmpl1 4	interpolated
011C	tmpl1 5	interpolated
011D	tmpl1 6	exe
011E	tmpl1 7	exe
011F	tmpl1 8	exe
0120	tmpl1 9	exe
0121	tmpl1 10	exe
0122	tmpl1 11	exe
0123	tmpl1 12	exe
0124	tmpl1 13	exe
0125	tmpl1 14	exe
0126	tmpl1 15	exe
0127	tmpl1 16	exe
0128	tmpl1 17	exe
0129	tmpl1 18	exe
012A	tmpl1 19	exe
012B	tmpl1 20	exe
012C	tmpl1 21	exe
012D	tmpl1 22	exe
012E	tmpl1 23	exe
012F	tmpl1 24	exe
0130	tmpl1 25	exe
0131	tmpl1 26	exe
0132	tmpl1 27	exe
0133	tmpl1 28	exe
0134	tmpl3 1	exe
0135	tmpl3 2	exe
0136	tmpl3 3	exe
0137	tmpl3 4	exe
0138	tmpl3 5	exe
0139	tmpl3 6	exe
013A	tmpl3 7	exe
013B	tmpl3 8	exe
013C	tmpl3 9	exe
013D	tmpl3 10	exe
013E	tmpl3 11	exe
013F	tmpl3 12	exe
0140	tmpl3 13	exe
0141	tmpl3 14	exe
0142	tmpl3 15	exe
0143	tmpl3 16	exe
0144	tmpl3 17	exe
0145	tmpl3 18	exe
0146	tmpl3 19	exe
0147	tmpl3 20	exe
0148	tmpl3 21	exe
0149	tmpl3 22	exe
014A	tmpl3 23	exe
014B	tmpl3 24	exe
014C	tmpl3 25	exe
014D	tmpl3 26	exe
014E	tmpl3 27	exe
014F	tmpl3 28	exe
0150	tmpl3 29	exe
0151	tmpl3 30	exe
0152	tmpl3 31	exe
0153	tmpl3 32	exe
0154	tmpl3 1	exe
0155	tmpl3 2	exe
0156	tmpl3 3	exe
0157	tmpl3 4	exe
0158	tmpl3 5	exe
0159	tmpl3 6	exe
015A	tmpl3 7	exe
015B	tmpl3 8	exe
015C	tmpl3 9	exe
015D	tmpl3 10	exe
015E	tmpl3 11	exe
015F	tmpl3 12	exe
0160	tmpl3 13	exe
0161	tmpl3 14	exe
0162	tmpl3 15	exe
0163	tmpl3 16	exe
0164	tmpl3 17	exe
0165	tmpl3 18	exe
0166	tmpl3 19	exe
0167	tmpl3 20	exe
0168	tmpl3 21	exe
0169	tmpl3 22	exe
016A	tmpl3 23	exe
016B	tmpl3 24	exe
016C	tmpl3 25	exe
016D	tmpl3 26	exe
016E	tmpl3 27	exe
016F	tmpl3 28	exe
0175	tmpl3 1	exe
0176	tmpl3 2	exe
0177	tmpl3 3	exe
0178	tmpl3 4	exe
0179	tmpl3 5	exe
017A	tmpl3 6	exe
017B	tmpl3 7	exe
017C	tmpl3 8	exe
017D	tmpl3 9	exe
017E	tmpl3 10	exe
017F	tmpl3 11	exe
0180	tmpl3 12	exe
0181	tmpl3 13	exe
0182	tmpl3 14	exe
0183	tmpl3 15	exe
0184	tmpl3 16	exe
0185	tmpl3 17	exe
0186	tmpl3 18	exe
0187	tmpl3 19	exe
0188	tmpl3 20	exe
0189	tmpl3 21	exe
018A	tmpl3 22	exe
018B	tmpl3 23	exe
018C	tmpl3 24	exe
018D	tmpl3 25	exe
018E	tmpl3 26	exe
018F	tmpl3 27	exe
0190	tmpl3 28	exe
0191	tmpl1 1	exe
0192	tmpl1 2	exe
0193	tmpl1 3	exe
0194	tmpl1 4	exe
0195	tmpl1 5	exe
0196	tmpl1 6	exe
0197	tmpl1 7	exe
0198	tmpl1 8	exe
0199	tmpl1 9	exe
019A	tmpl1 10	exe
019B	tmpl1 11	exe
019C	tmpl1 12	exe
019D	tmpl1 13	exe
019E	tmpl1 14	exe
019F	tmpl1 15	exe
01A0	tmpl1 16	exe
01A1	tmpl1 17	exe
01A2	tmpl1 18	exe
01A3	tmpl1 19	exe
01A4	tmpl1 20	exe
01A5	tmpl1 21	exe
01A6	tmpl1 22	exe
01A7	tmpl1 23	exe
01A8	tmpl1 24	exe
01A9	tmpl1 25	exe
01AA	tmpl1 26	exe
01AB	tmpl1 27	exe
01AC	tmpl1 28	exe
01AD	tmpl3 1	exe
01AE	tmpl3 2	exe
01AF	tmpl3 3	exe
01B0	tmpl3 4	exe
01B1	tmpl3 5	exe
01B2	tmpl3 6	exe
01B3	tmpl3 7	exe
01B4	tmpl3 8	exe
01B5	tmpl3 9	exe
01B6	tmpl3 10	exe
01B7	tmpl3 11	exe
01B8	tmpl3 12	exe
01B9	tmpl3 13	exe
01BA	tmpl3 14	exe
01BB	tmpl3 15	exe
01BC	tmpl3 16	exe
01BD	tmpl3 17	exe
01BE	tmpl3 18	exe
01BF	tmpl3 19	exe
01C0	tmpl3 20	exe
01C1	tmpl3 21	exe
01C2	tmpl3 22	exe
01C3	tmpl3 23	exe
01C4	tmpl3 24	exe
01C5	tmpl3 25	exe
01C6	tmpl3 26	exe
01C7	tmpl3 27	exe
01C8	tmpl3 28	exe
01C9	tmpl1 1	exe
01CA	tmpl1 2	exe
01CB	tmpl1 3	exe
01CC	tmpl1 4	exe
01CD	tmpl1 5	exe
01CE	tmpl1 6	exe
01CF	tmpl1 7	exe
01D0	tmpl1 8	exe
01D1	tmpl1 9	exe
01D2	tmpl1 10	exe
01D3	tmpl1 11	exe
01D4	tmpl1 12	exe
01D5	tmpl1 13	exe
01D6	tmpl1 14	exe
01D7	tmpl1 15	exe
01D8	tmpl1 16	exe
01D9	tmpl1 17	exe
01DA	tmpl1 18	exe
01DB	tmpl1 19	exe
01DC	tmpl1 20	exe
01DD	tmpl1 21	exe
01DE	tmpl1 22	exe
01DF	tmpl1 23	exe
01E0	tmpl1 24	exe
01E1	tmpl1 25	exe
01E2	tmpl1 26	exe
01E3	tmpl1 27	exe
01E4	tmpl1 28	exe
0205	tmpl3 1	exe
0206	tmpl3 2	exe
0207	tmpl3 3	exe
0208	tmpl3 4	exe
0209	tmpl3 5	exe
020A	tmpl3 6	exe
020B	tmpl3 7	exe
020C	tmpl3 8	exe
020D	tmpl3 9	exe
020E	tmpl3 10	exe
020F	tmpl3 11	exe
0210	tmpl3 12	exe
0211	tmpl3 13	exe
0212	tmpl3 14	exe
0213	tmpl3 15	exe
0214	tmpl3 16	exe
0215	tmpl3 17	exe
0216	tmpl3 18	exe
0217	tmpl3 19	exe
0218	tmpl3 20	exe
0219	tmpl3 21	exe
021A	tmpl3 22	exe
021B	tmpl3 23	exe
021C	tmpl3 24	exe
021D	tmpl3 25	exe
021E	tmpl3 26	exe
021F	tmpl3 27	exe
0220	tmpl3 28	exe
0221	tmpl3 29	exe
0222	tmpl3 30	exe
0223	tmpl3 31	exe
0224	tmpl3 32	exe
0225	tmpl3 1	exe
0226	tmpl3 2	exe
0227	tmpl3 3	exe
0228	tmpl3 4	exe
0229	tmpl3 5	exe
022A	tmpl3 6	exe
022B	tmpl3 7	exe
022C	tmpl3 8	exe
022D	tmpl3 9	exe
022E	tmpl3 10	exe
022F	tmpl3 11	exe
0230	tmpl3 12	exe
0231	tmpl3 13	exe
0232	tmpl3 14	exe
0233	tmpl3 15	exe
0234	tmpl3 16	exe
0235	tmpl3 17	exe
0236	tmpl3 18	exe
0237	tmpl3 19	exe
0238	tmpl3 20	exe
0239	tmpl3 21	exe
023A	tmpl3 22	exe
023B	tmpl3 23	exe
023C	tmpl3 24	exe
023D	tmpl3 25	exe
023E	tmpl3 26	exe
023F	tmpl3 27	interpolated
0240	tmpl3 28	exe
0241	tmpl3 29	exe
0242	tmpl3 30	exe
0243	tmpl3 31	exe
0244	tmpl3 32	exe
0245	tmpl3 1	exe
0246	tmpl3 2	exe
0247	tmpl3 3	exe
0248	tmpl3 4	exe
0249	tmpl3 5	exe
024A	tmpl3 6	exe
024B	tmpl3 7	exe
024C	tmpl3 8	exe
024D	tmpl3 9	exe
024E	tmpl3 10	exe
024F	tmpl3 11	exe
0250	tmpl3 12	exe
0251	tmpl3 13	exe
0252	tmpl3 14	exe
0253	tmpl3 15	exe
0254	tmpl3 16	exe
0255	tmpl3 17	exe
0256	tmpl3 18	exe
0257	tmpl3 19	exe
0258	tmpl3 20	exe
0259	tmpl3 21	exe
025A	tmpl3 22	exe
025B	tmpl3 23	exe
025C	tmpl3 24	exe
025D	tmpl3 25	exe
025E	tmpl3 26	exe
025F	tmpl3 27	exe
0260	tmpl3 28	exe
0261	tmpl3 29	exe
0262	tmpl3 30	exe
0263	tmpl3 31	exe
0264	tmpl3 32	exe
026B	tmpl3 1	exe
026C	tmpl3 2	exe
026D	tmpl3 3	exe
026E	tmpl3 4	exe
026F	tmpl3 5	exe
0270	tmpl3 6	exe
0271	tmpl3 7	exe
0272	tmpl3 8	exe
0273	tmpl3 9	exe
0274	tmpl3 10	exe
0275	tmpl3 11	exe
0276	tmpl3 12	exe
0277	tmpl3 13	exe
0278	tmpl3 14	exe
0279	tmpl3 15	exe
027A	tmpl3 16	exe
027B	tmpl3 17	exe
027C	tmpl3 18	exe
027D	tmpl3 19	exe
027E	tmpl3 20	exe
027F	tmpl3 21	exe
0280	tmpl3 22	exe
0281	tmpl3 23	exe
0282	tmpl3 24	exe
0283	tmpl3 25	exe
0284	tmpl3 26	exe
0285	tmpl3 27	exe
0286	tmpl3 28	exe
0287	tmpl3 29	exe
0288	tmpl3 30	exe
0289	tmpl3 31	exe
028A	tmpl3 32	exe
028B	tmpl1 1	exe
028C	tmpl1 2	exe
028D	tmpl1 3	exe
028E	tmpl1 4	exe
028F	tmpl1 5	exe
0290	tmpl1 6	exe
0291	tmpl1 7	exe
0292	tmpl1 8	exe
0293	tmpl1 9	exe
0294	tmpl1 10	exe
0295	tmpl1 11	exe
0296	tmpl1 12	exe
0297	tmpl1 13	exe
0298	tmpl1 14	exe
0299	tmpl1 15	exe
029A	tmpl1 16	exe
029B	tmpl1 17	exe
029C	tmpl1 18	exe
029D	tmpl1 19	exe
029E	tmpl1 20	exe
029F	tmpl1 21	exe
02A0	tmpl1 22	exe
02A1	tmpl1 23	exe
02A2	tmpl1 24	exe
02A3	tmpl1 25	exe
02A4	tmpl1 26	exe
02A5	tmpl1 27	exe
02A6	tmpl1 28	exe
02A7	tmpl1 29	exe
02A8	tmpl1 30	exe
02A9	tmpl1 31	exe
02AA	tmpl1 32	exe
02AB	tmpl1 1	exe
02AC	tmpl1 2	exe
02AD	tmpl1 3	exe
02AE	tmpl1 4	exe
02AF	tmpl1 5	exe
02B0	tmpl1 6	exe
02B1	tmpl1 7	exe
02B2	tmpl1 8	exe
02B3	tmpl1 9	exe
02B4	tmpl1 10	exe
02B5	tmpl1 11	exe
02B6	tmpl1 12	exe
02B7	tmpl1 13	exe
02B8	tmpl1 14	exe
02B9	tmpl1 15	exe
02BA	tmpl1 16	exe
02BB	tmpl1 17	exe
02BC	tmpl1 18	exe
02BD	tmpl1 19	exe
02BE	tmpl1 20	exe
02BF	tmpl1 21	exe
02C0	tmpl1 22	exe
02C1	tmpl1 23	exe
02C2	tmpl1 24	exe
02C3	tmpl1 25	exe
02C4	tmpl1 26	exe
02C5	tmpl1 27	exe
02C6	tmpl1 28	exe
02C7	tmpl1 29	exe
02C8	tmpl1 30	exe
02C9	tmpl1 31	exe
02CA	tmpl1 32	exe
02CB	tmpl1 1	exe
02CC	tmpl1 2	exe
02CD	tmpl1 3	exe
02CE	tmpl1 4	exe
02CF	tmpl1 5	exe
02D0	tmpl1 6	exe
02D1	tmpl1 7	exe
02D2	tmpl1 8	exe
02D3	tmpl1 9	exe
02D4	tmpl1 10	exe
02D5	tmpl1 11	exe
02D6	tmpl1 12	exe
02D7	tmpl1 13	exe
02D8	tmpl1 14	exe
02D9	tmpl1 15	exe
02DA	tmpl1 16	exe
02DB	tmpl1 17	exe
02DC	tmpl1 18	exe
02DD	tmpl1 19	exe
02DE	tmpl1 20	exe
02DF	tmpl1 21	exe
02E0	tmpl1 22	exe
02E1	tmpl1 23	exe
02E2	tmpl1 24	exe
02E3	tmpl1 25	exe
02E4	tmpl1 26	exe
02E5	tmpl1 27	exe
02E6	tmpl1 28	exe
02E7	tmpl1 29	exe
02E8	tmpl1 30	exe
02E9	tmpl1 31	exe
02EA	tmpl3 1	exe
02EB	tmpl3 2	exe
02EC	tmpl3 3	exe
02ED	tmpl3 4	exe
02EE	tmpl3 5	exe
02EF	tmpl3 6	exe
02F0	tmpl3 7	exe
02F1	tmpl3 8	exe
02F2	tmpl3 9	exe
02F3	tmpl3 10	exe
02F4	tmpl3 11	exe
02F5	tmpl3 12	exe
02F6	tmpl3 13	exe
02F7	tmpl3 14	exe
02F8	tmpl3 15	exe
02F9	tmpl3 16	exe
02FA	tmpl3 17	exe
02FB	tmpl3 18	exe
02FC	tmpl3 19	exe
02FD	tmpl3 20	exe
02FE	tmpl3 21	exe
02FF	tmpl3 22	exe
0300	tmpl3 23	exe
0301	tmpl3 24	exe
0302	tmpl3 25	exe
0303	tmpl3 26	exe
0304	tmpl3 27	exe
0305	tmpl3 28	exe
0306	tmpl3 29	exe
0307	tmpl3 30	exe
0308	tmpl3 31	exe
0309	tmpl3 32	exe
030A	tmpl3 1	exe
030B	tmpl3 2	exe
030C	tmpl3 3	exe
030D	tmpl3 4	exe
030E	tmpl3 5	exe
030F	tmpl3 6	exe
0310	tmpl3 7	exe
0311	tmpl3 8	exe
0312	tmpl3 9	exe
0313	tmpl3 10	exe
0314	tmpl3 11	exe
0315	tmpl3 12	exe
0316	tmpl3 13	exe
0317	tmpl3 14	exe
0318	tmpl3 15	exe
0319	tmpl3 16	exe
031A	tmpl3 17	exe
031B	tmpl3 18	exe
031C	tmpl3 19	exe
031D	tmpl3 20	exe
031E	tmpl3 21	exe
031F	tmpl3 22	exe
0320	tmpl3 23	exe
0321	tmpl3 24	exe
0322	tmpl3 25	exe
0323	tmpl3 26	exe
0324	tmpl3 27	exe
0325	tmpl3 28	exe
0326	tmpl3 29	exe
0327	tmpl3 30	exe
0328	tmpl3 31	exe
0329	tmpl1 1	exe
032A	tmpl1 2	exe
032B	tmpl1 3	exe
032C	tmpl1 4	exe
032D	tmpl1 5	exe
032E	tmpl1 6	exe
032F	tmpl1 7	exe
0330	tmpl1 8	exe
0331	tmpl1 9	exe
0332	tmpl1 10	exe
0333	tmpl1 11	exe
0334	tmpl1 12	exe
0335	tmpl1 13	exe
0336	tmpl1 14	exe
0337	tmpl1 15	exe
0338	tmpl1 16	exe
0339	tmpl1 17	exe
033A	tmpl1 18	exe
033B	tmpl1 19	exe
033C	tmpl1 20	exe
033D	tmpl1 21	exe
033E	tmpl1 22	exe
033F	tmpl1 23	exe
0340	tmpl1 24	exe
0341	tmpl1 25	exe
0342	tmpl1 26	exe
0343	tmpl1 27	exe
0344	tmpl1 28	exe
0345	tmpl1 29	exe
0346	tmpl1 30	exe
0347	tmpl1 31	exe
0348	tmpl1 32	exe
0349	tmpl3 1	exe
034A	tmpl3 2	exe
034B	tmpl3 3	exe
034C	tmpl3 4	exe
034D	tmpl3 5	exe
034E	tmpl3 6	exe
034F	tmpl3 7	exe
0350	tmpl3 8	exe
0351	tmpl3 9	exe
0352	tmpl3 10	exe
0353	tmpl3 11	exe
0354	tmpl3 12	exe
0355	tmpl3 13	exe
0356	tmpl3 14	exe
0357	tmpl3 15	exe
0358	tmpl3 16	exe
0359	tmpl3 17	exe
035A	tmpl3 18	exe
035B	tmpl3 19	exe
035C	tmpl3 20	exe
035D	tmpl3 21	exe
035E	tmpl3 22	exe
035F	tmpl3 23	exe
0360	tmpl3 24	exe
0361	tmpl3 25	exe
0362	tmpl3 26	exe
0363	tmpl3 27	exe
0364	tmpl3 28	exe
0365	tmpl3 29	exe
0366	tmpl3 30	exe
0367	tmpl3 31	exe
0368	tmpl3 32	exe
0369	tmpl3 1	exe
036A	tmpl3 2	exe
036B	tmpl3 3	exe
036C	tmpl3 4	exe
036D	tmpl3 5	exe
036E	tmpl3 6	exe
036F	tmpl3 7	exe
0370	tmpl3 8	exe
0371	tmpl3 9	exe
0372	tmpl3 10	exe
0373	tmpl3 11	exe
0374	tmpl3 12	exe
0375	tmpl3 13	exe
0376	tmpl3 14	exe
0377	tmpl3 15	exe
0378	tmpl3 16	exe
0379	tmpl3 17	exe
037A	tmpl3 18	exe
037B	tmpl3 19	exe
037C	tmpl3 20	exe
037D	tmpl3 21	exe
037E	tmpl3 22	exe
037F	tmpl3 1	exe
0380	tmpl3 2	exe
0381	tmpl3 3	exe
0382	tmpl3 4	exe
0383	tmpl3 5	exe
0384	tmpl3 6	exe
0385	tmpl3 7	exe
0386	tmpl3 8	exe
0387	tmpl3 9	exe
0388	tmpl3 10	exe
0389	tmpl3 11	exe
038A	tmpl3 12	exe
038B	tmpl3 13	exe
038C	tmpl3 14	exe
038D	tmpl3 15	exe
038E	tmpl3 16	exe
038F	tmpl3 17	exe
0390	tmpl3 18	exe
0391	tmpl3 19	exe
0392	tmpl3 20	exe
0393	tmpl3 21	exe
0394	tmpl3 22	exe
0395	tmpl3 23	exe
0396	tmpl3 24	exe
0397	tmpl3 25	exe
0398	tmpl3 26	exe
0399	tmpl3 27	exe
039A	tmpl3 28	exe
039B	tmpl3 29	exe
039C	tmpl3 30	exe
039D	tmpl3 31	exe
039E	tmpl3 32	exe
039F	tmpl1 1	exe
03A0	tmpl1 2	exe
03A1	tmpl1 3	exe
03A2	tmpl1 4	exe
03A3	tmpl1 5	exe
03A4	tmpl1 6	exe
03A5	tmpl1 7	exe
03A6	tmpl1 8	exe
03A7	tmpl1 9	exe
03A8	tmpl1 10	exe
03A9	tmpl1 11	exe
03AA	tmpl1 12	exe
03AB	tmpl1 13	exe
03AC	tmpl1 14	exe
03AD	tmpl1 15	exe
03AE	tmpl1 16	exe
03AF	tmpl1 17	exe
03B0	tmpl1 18	exe
03B1	tmpl1 19	exe
03B2	tmpl1 20	exe
03B3	tmpl1 21	exe
03B4	tmpl1 22	exe
03B5	tmpl1 23	exe
03B6	tmpl1 24	exe
03B7	tmpl1 25	exe
03B8	tmpl1 26	exe
03B9	tmpl1 27	exe
03BA	tmpl1 28	exe
03BB	tmpl1 29	exe
03BC	tmpl1 30	exe
03BD	tmpl1 31	exe
03BE	tmpl1 32	exe
03CA	tmpl4 1	interpolated
03CB	tmpl4 2	exe
03CC	tmpl4 1	exe
03CD	tmpl4 4	exe
03CE	tmpl4 3	exe
03CF	tmpl4 2	exe
03D0	tmpl4 1	exe
03D1	tmpl4 4	exe
03D2	tmpl4 3	exe
03D3	tmpl4 2	exe
03D4	tmpl4 1	exe
03D5	tmpl4 4	exe
03D6	tmpl4 3	exe
03D7	tmpl4 2	exe
03D8	tmpl4 1	exe
03D9	tmpl4 4	exe
03DA	tmpl4 3	exe
03DB	tmpl1 1	exe
03DC	tmpl1 2	exe
03DD	tmpl1 3	exe
03DE	tmpl1 4	exe
03DF	tmpl1 5	exe
03E0	tmpl1 6	exe
03E1	tmpl1 7	exe
03E2	tmpl1 8	exe
03E3	tmpl1 9	exe
03E4	tmpl1 10	exe
03E5	tmpl1 11	exe
03E6	tmpl1 12	exe
03E7	tmpl1 13	exe
03E8	tmpl1 14	exe
03E9	tmpl1 15	exe
03EA	tmpl1 16	exe
03EB	tmpl1 17	exe
03EC	tmpl1 18	exe
03ED	tmpl1 19	exe
03EE	tmpl1 20	exe
03EF	tmpl1 21	exe
03F0	tmpl1 22	exe
03F1	tmpl1 23	exe
03F2	tmpl1 24	exe
03F3	tmpl1 25	exe
03F4	tmpl1 26	exe
03F5	tmpl1 27	exe
03F6	tmpl1 28	exe
03F7	tmpl1 29	exe
03F8	tmpl1 30	exe
03F9	tmpl1 31	exe
03FA	tmpl1 32	exe
03FB	tmpl3 1	exe
03FC	tmpl3 2	exe
03FD	tmpl3 3	exe
03FE	tmpl3 4	exe
03FF	tmpl3 5	exe
0400	tmpl3 6	exe
0401	tmpl3 7	exe
0402	tmpl3 8	exe
0403	tmpl3 9	exe
0404	tmpl3 10	exe
0405	tmpl3 11	exe
0406	tmpl3 12	exe
0407	tmpl3 13	exe
0408	tmpl3 14	exe
0409	tmpl3 15	exe
040A	tmpl3 16	exe
040B	tmpl3 17	exe
040C	tmpl3 18	exe
040D	tmpl3 19	exe
040E	tmpl3 20	exe
040F	tmpl3 21	exe
0410	tmpl3 22	exe
0411	tmpl3 23	exe
0412	tmpl3 24	exe
0413	tmpl3 25	exe
0414	tmpl3 26	exe
0415	tmpl3 27	exe
0416	tmpl3 28	exe
0417	tmpl3 29	exe
0418	tmpl3 30	exe
0419	tmpl3 31	exe
041A	tmpl3 32	exe
041B	tmpl1 1	exe
041C	tmpl1 2	exe
041D	tmpl1 3	exe
041E	tmpl1 4	exe
041F	tmpl1 5	exe
0420	tmpl1 6	exe
0421	tmpl1 7	exe
0422	tmpl1 8	exe
0423	tmpl1 9	exe
0424	tmpl1 10	exe
0425	tmpl1 11	exe
0426	tmpl1 12	exe
0427	tmpl1 13	exe
0428	tmpl1 14	exe
0429	tmpl1 15	exe
042A	tmpl1 16	exe
042B	tmpl1 17	exe
042C	tmpl1 18	exe
042D	tmpl1 19	exe
042E	tmpl1 20	exe
042F	tmpl1 21	exe
0430	tmpl1 22	exe
0431	tmpl1 23	exe
0432	tmpl1 24	exe
0433	tmpl1 25	exe
0434	tmpl1 26	exe
0435	tmpl1 27	exe
0436	tmpl1 28	exe
0437	tmpl1 29	exe
0438	tmpl1 30	exe
0439	tmpl1 31	exe
043A	tmpl1 32	exe
043B	tmpl1 1	exe
043C	tmpl1 2	exe
043D	tmpl1 3	exe
043E	tmpl1 4	exe
043F	tmpl1 5	exe
0440	tmpl1 6	exe
0441	tmpl1 7	exe
0442	tmpl1 8	exe
0443	tmpl1 9	exe
0444	tmpl1 10	exe
0445	tmpl1 11	exe
0446	tmpl1 12	exe
0447	tmpl1 13	exe
0448	tmpl1 14	exe
0449	tmpl1 15	exe
044A	tmpl1 16	exe
044B	tmpl1 17	exe
044C	tmpl1 18	exe
044D	tmpl1 19	exe
044E	tmpl1 20	exe
044F	tmpl1 21	exe
0450	tmpl1 22	exe
0451	tmpl1 23	exe
0452	tmpl1 24	exe
0453	tmpl1 25	exe
0454	tmpl1 26	exe
0455	tmpl1 27	exe
0456	tmpl1 28	exe
0457	tmpl1 29	exe
0458	tmpl1 30	exe
0459	tmpl1 31	exe
045A	tmpl1 32	exe
045B	tmpl1 1	exe
045C	tmpl1 2	exe
045D	tmpl1 3	exe
045E	tmpl1 4	exe
045F	tmpl1 5	exe
0460	tmpl1 6	exe
0461	tmpl1 7	exe
0462	tmpl1 8	exe
0463	tmpl1 9	exe
0464	tmpl1 10	exe
0465	tmpl1 11	exe
0466	tmpl1 12	exe
0467	tmpl1 13	exe
0468	tmpl1 14	exe
0469	tmpl1 15	exe
046A	tmpl1 16	exe
046B	tmpl1 17	exe
046C	tmpl1 18	exe
046D	tmpl1 19	exe
046E	tmpl1 20	exe
046F	tmpl1 21	exe
0470	tmpl1 22	exe
0471	tmpl1 23	exe
0472	tmpl1 24	exe
0473	tmpl1 25	exe
0474	tmpl1 26	exe
0475	tmpl1 27	exe
0476	tmpl1 28	exe
0477	tmpl1 29	exe
0478	tmpl1 30	exe
0479	tmpl1 31	exe
047A	tmpl1 32	exe
047B	tmpl1 1	exe
047C	tmpl1 2	exe
047D	tmpl1 3	exe
047E	tmpl1 4	exe
047F	tmpl1 5	exe
0480	tmpl1 6	exe
0481	tmpl1 7	exe
0482	tmpl1 8	exe
0483	tmpl1 9	exe
0484	tmpl1 10	exe
0485	tmpl1 11	exe
0486	tmpl1 12	exe
0487	tmpl1 13	exe
0488	tmpl1 14	exe
0489	tmpl1 15	exe
048A	tmpl1 16	exe
048B	tmpl1 17	exe
048C	tmpl1 18	exe
048D	tmpl1 19	exe
048E	tmpl1 20	exe
048F	tmpl1 21	exe
0490	tmpl1 22	exe
0491	tmpl1 23	exe
0492	tmpl1 24	exe
0493	tmpl1 25	exe
0494	tmpl1 26	exe
0495	tmpl1 27	exe
0496	tmpl1 28	exe
0497	tmpl1 29	exe
0498	tmpl1 30	exe
0499	tmpl1 31	exe
049A	tmpl1 32	exe
049B	tmpl1 1	exe
049C	tmpl1 2	exe
049D	tmpl1 3	exe
049E	tmpl1 4	exe
049F	tmpl1 5	exe
04A0	tmpl1 6	exe
04A1	tmpl1 7	exe
04A2	tmpl1 8	exe
04A3	tmpl1 9	exe
04A4	tmpl1 10	exe
04A5	tmpl1 11	exe
04A6	tmpl1 12	exe
04A7	tmpl1 13	exe
04A8	tmpl1 14	exe
04A9	tmpl1 15	exe
04AA	tmpl1 16	exe
04AB	tmpl1 17	exe
04AC	tmpl1 18	exe
04AD	tmpl1 19	exe
04AE	tmpl1 20	exe
04AF	tmpl1 21	exe
04B0	tmpl1 22	exe
04B1	tmpl1 23	exe
04B2	tmpl1 24	exe
04B3	tmpl1 25	exe
04B4	tmpl1 26	exe
04B5	tmpl1 27	exe
04B6	tmpl1 28	exe
04B7	tmpl1 29	exe
04B8	tmpl1 30	exe
04B9	tmpl1 31	exe
04BA	tmpl1 32	exe
